Category,Train Images,Validation Images,Test Images,Threshold,Accuracy,Precision,Recall,F1,ROC-AUC,TN,FP,FN,TP
bottle,167,42,83,0.009517716,0.4939759036144578,1.0,0.3333333333333333,0.5,0.7325396825396826,20,0,42,21
cable,179,45,150,0.018941106,0.38666666666666666,0.0,0.0,0.0,0.6555472263868066,58,0,92,0
capsule,175,44,132,0.0034262177,0.2727272727272727,0.9333333333333333,0.12844036697247707,0.22580645161290322,0.559234144395692,22,1,95,14
carpet,224,56,117,0.01595464,0.24786324786324787,1.0,0.011235955056179775,0.022222222222222223,0.41211878009630826,28,0,88,1
grid,211,53,78,0.048244193,0.2692307692307692,0.0,0.0,0.0,0.7543859649122807,21,0,57,0
hazelnut,312,79,110,0.0016886668,0.5909090909090909,1.0,0.35714285714285715,0.5263157894736842,0.7042857142857142,40,0,45,25
leather,196,49,124,0.0009405508,0.6532258064516129,0.7168141592920354,0.8804347826086957,0.7902439024390244,0.625,0,32,11,81
metal_nut,176,44,115,0.009414927,0.19130434782608696,0.0,0.0,0.0,0.4701857282502444,22,0,93,0
pill,213,54,167,0.0019068047,0.2634730538922156,1.0,0.1276595744680851,0.22641509433962265,0.6923076923076924,26,0,123,18
screw,256,64,160,0.0034136486,0.25625,0.0,0.0,0.0,0.9932363189178111,41,0,119,0
tile,184,46,117,0.019528069,0.28205128205128205,0.0,0.0,0.0,0.6053391053391054,33,0,84,0
toothbrush,48,12,42,0.004610477,0.38095238095238093,0.8333333333333334,0.16666666666666666,0.2777777777777778,0.6527777777777778,11,1,25,5
transistor,170,43,100,0.007867302,0.69,0.8461538461538461,0.275,0.41509433962264153,0.6391666666666667,58,2,29,11
wood,197,50,79,0.004156624,0.4430379746835443,1.0,0.26666666666666666,0.42105263157894735,0.9201754385964912,19,0,44,16
zipper,192,48,151,0.0062318128,0.2052980132450331,0.4,0.01680672268907563,0.03225806451612903,0.5577731092436975,29,3,117,2
